{"0DSt/Apkynsopf4YDsS5uQ==":"csm-hrs-hacker-attack-facebook-5acb29e063.jpg","1Eac35O5I9QX5ssmutIIeg==":"sdjsd.jpg","EJUx5pa0HHD2Oo6hM0/wMQ==":"sdjsd.jpeg","JCHu1nI34baCjlP9GdMBFg==":"sdjsd-1.jpeg","0cei4VSu5hGYHnShX0aMJA==":"dfsfd.png","2U6thGKLOIFGiPh/zxVLNg==":"mbr.jpg","Hmjo9Xoh9qi5GjpLo/0eHQ==":"background1.jpg","RdmDcyDXbKiNr494TfLUnQ==":"mbr-1.jpg","FRjkgOwkQ4wNWLfjrOXZ8Q==":"mbr-2.jpg","9LYi5KDnybCOvbg1GRiayQ==":"mbr-3.jpg","hcuHe5hO65Kc+kIgVhgpuA==":"mbr-4.jpg","l4KLVsVxa84JCJUysjYyqg==":"mbr-5.jpg","3Ezh97frhlgchqwNZczkLg==":"mbr.png","TlviZuOb1IoUvCtRtMX4KQ==":"mbr-6.jpg","CDDcv8+5qSnUO1RBABN0EA==":"mbr-7.jpg","w+kaHMvkp3VojM0ypzsqFg==":"mbr-8.jpg","ZeF7w1JA/sBUeXCbZ/F5ag==":"mbr-9.jpg","dFptlyWHKXHcik/7mr5l+A==":"mbr-10.jpg","R7gd4LGOQW7FSTgRRtY6Ig==":"mbr-11.jpg","n1pNjGh4w4kJl7ztKVo7ZQ==":"background6.jpg","3O9uouJuK+DR4E4FG4TrrA==":"mbr-12.jpg","LDwWHm6ZVUq7fjRp8Qru2g==":"mbr-13.jpg","KtjsvyAmI0rixJN7UH2MyQ==":"mbr-1.png","oRykAiO0rUD++7AmPeEwUg==":"background1-1.jpg","7vw8LH2xOE6w0MerueyYZQ==":"background4.jpg","wDUpaseSlXOaad3s5GjFlg==":"background9.jpg","UwKnF2KLr/ocdf9gues7Jg==":"background5.jpg","zQWY1a7BMY8wT/w1Nbe1Pw==":"ff.jpg","WEeAjo6Qzdry1fc2RXJwOw==":"kdldsf.jpg","p7utu6qj5wVeVvuGOwk2Mw==":"16-166735-cashapp-cash-app-cash-money-manicuremadam-nails-we.png.jpg","z2YulXXDHcrRriQndp/+PA==":"wu-449x261.png","T1e/w7lyZCh+NVEZsWWCFw==":"cashapp-698x553.png","e3ffwuBfYoSW/1ePY/+zDw==":"mbr-698x465.jpg","v0QcN+PmDdXx8kb/AlYfnQ==":"mbr-698x698.jpg","eDjn3ccYo742vsPKfiCIng==":"mbr-698x432.jpg","/OgF/Wct6Rec/2uMu5w4zA==":"mbr-1-698x465.jpg","JJEsfUsGpqKa+EYqrOOqqQ==":"background8.jpg"}